order_item_id,order_id,product_id,quantity,unit_price,discount,tax,final_amount,currency,status
1,271,616,4,67.48,31,1.15,181.6448,USD,6
2,91,240,2,56.54,21,0.57,88.1932,USD,5
3,972,912,4,66.14,48,0.17,136.8912,USD,5
4,259,233,5,15.19,45,1.45,34.5225,USD,5
5,388,820,5,69.31,11,1.76,299.6295,USD,6
6,196,554,4,82.41,47,1.16,170.0692,USD,4
7,168,405,3,94.68,43,1.24,158.1828,USD,5
8,878,752,7,88.18,8,1.03,560.6692,USD,6
9,164,355,2,67.48,25,0.09,101.04,USD,3
10,684,236,6,53.59,29,0.95,222.5934,USD,5
11,43,873,4,80.84,1,1.38,314.6064,USD,5
12,44,527,9,85.25,2,0.53,747.135,USD,2
13,888,123,5,59.86,11,0.09,265.927,USD,3
14,365,590,5,47.46,12,1.48,201.424,USD,6
15,772,956,7,6.87,49,1.98,10.6659,USD,4
16,926,924,7,69.68,22,0.87,374.3628,USD,1
17,551,207,1,31.73,18,0.03,25.9886,USD,1
18,152,696,1,93.48,0,1.05,92.43,USD,2
19,909,261,2,58.64,10,0.67,104.212,USD,5
20,676,228,5,9.62,42,0.16,27.098,USD,6
21,432,133,4,94.87,16,0.3,317.5632,USD,5
22,564,694,3,86.63,42,0.86,148.1562,USD,2
23,745,326,2,80.27,22,0.08,125.0612,USD,6
24,902,381,6,65,17,1.34,315.66,USD,2
25,664,27,5,59.87,46,1.39,154.699,USD,6
26,244,324,7,91.09,20,1.39,500.374,USD,4
27,197,928,4,21.91,0,0.94,83.88,USD,4
28,577,909,10,92.45,32,1.1,617.66,USD,4
29,265,598,4,6.2,31,0.64,14.552,USD,2
30,6,593,4,64.69,13,1.29,219.9612,USD,5
31,448,352,7,79.34,6,1.8,509.4572,USD,3
32,559,504,6,60.88,48,0.15,189.0456,USD,5
33,678,377,5,10.68,18,0.46,41.488,USD,4
34,346,502,4,84.26,1,0.49,331.7096,USD,2
35,926,427,4,7.99,8,1.76,22.3632,USD,4
36,889,214,1,43.8,3,0.04,42.446,USD,3
37,189,10,7,10.22,30,0.28,48.118,USD,6
38,177,229,3,85.41,39,0.37,155.1903,USD,4
39,749,746,10,60.74,3,1.11,578.078,USD,4
40,540,195,8,28.68,20,0.65,178.352,USD,6
41,502,412,1,26.59,9,0.13,24.0669,USD,2
42,619,812,8,54.25,0,0.78,427.76,USD,3
43,453,319,6,16.18,14,0.11,82.8288,USD,3
44,936,355,3,95.94,25,1.61,211.035,USD,1
45,133,433,7,90.46,1,1.24,618.2078,USD,5
46,891,466,2,88.63,12,0.34,155.3088,USD,3
47,257,329,10,54.9,49,0.44,275.59,USD,5
48,791,729,2,47.38,16,0.44,78.7184,USD,5
49,549,973,4,10.96,50,1.99,13.96,USD,4
50,183,279,7,35.8,37,0.62,153.538,USD,2
51,325,803,5,27.35,22,0.46,104.365,USD,3
52,358,908,10,87.58,43,1.68,482.406,USD,4
53,551,737,6,29.66,36,0.12,113.1744,USD,1
54,740,885,4,74.59,4,0.46,284.5856,USD,2
55,840,53,10,78.78,42,0.48,452.124,USD,1
56,956,630,10,27.17,2,1.34,252.866,USD,3
57,507,17,10,75.15,27,0.53,543.295,USD,5
58,76,539,5,81.96,22,0.02,319.544,USD,4
59,948,915,9,67.95,40,1.57,352.8,USD,4
60,729,948,1,27.48,19,1.2,21.0588,USD,1
61,710,59,6,36.62,14,0.17,187.9392,USD,6
62,30,334,4,71.94,13,1.29,245.1912,USD,1
63,513,498,8,30.37,6,1.21,218.7024,USD,1
64,253,329,10,90.71,11,0.45,802.819,USD,3
65,978,376,5,88.08,23,0.86,334.808,USD,3
66,93,914,10,49.4,36,0.14,314.76,USD,2
67,515,216,9,82.14,49,1.21,366.1326,USD,6
68,456,953,10,44.58,41,1.64,246.622,USD,1
69,270,133,6,89.93,31,0.45,369.6102,USD,2
70,37,405,1,28.47,0,0.22,28.25,USD,6
71,243,681,5,71.58,14,1.67,299.444,USD,3
72,525,354,7,22.61,44,1.66,77.0112,USD,1
73,683,360,7,52.27,36,0.09,233.5396,USD,3
74,918,195,6,7.04,33,1.03,22.1208,USD,5
75,154,789,1,51.45,40,0.82,30.05,USD,4
76,772,429,6,41.59,22,1.78,183.9612,USD,6
77,761,696,2,72.11,30,0.65,99.654,USD,5
78,604,43,7,38.93,5,1.12,251.0445,USD,5
79,636,135,5,96.65,0,0.37,481.4,USD,2
80,546,735,3,63.96,24,0.36,144.7488,USD,4
81,706,328,3,50.7,44,1.69,80.106,USD,1
82,994,998,10,59.46,3,1.86,558.162,USD,4
83,429,172,3,16.09,40,0.88,26.322,USD,2
84,557,680,4,22.44,28,1.6,58.2272,USD,5
85,104,294,3,17.06,43,0.72,27.0126,USD,6
86,299,464,1,98.57,25,0.18,73.7475,USD,4
87,143,348,6,23.68,4,0.99,130.4568,USD,1
88,19,438,10,25.41,44,0.42,138.096,USD,5
89,979,374,9,54.81,20,1.32,382.752,USD,2
90,169,468,4,83.64,2,1.3,322.6688,USD,5
91,609,917,4,47.12,34,0.37,122.9168,USD,6
92,208,478,6,55.03,23,0.72,249.9186,USD,3
93,361,799,2,33.71,24,0.32,50.5992,USD,6
94,208,889,9,7.7,34,0.37,42.408,USD,1
95,749,533,7,67.87,38,0.24,292.8758,USD,2
96,748,275,10,22.3,23,1.29,158.81,USD,1
97,221,443,7,64.86,7,0.11,421.4686,USD,6
98,441,568,1,79.14,19,1.64,62.4634,USD,3
99,632,597,9,73.17,33,0.24,439.0551,USD,2
100,16,1,9,99.76,48,0.16,465.4368,USD,5
101,937,942,2,71.07,13,1.08,121.5018,USD,3
102,521,888,6,96.26,13,1.59,492.9372,USD,6
103,131,217,10,12.87,46,1.49,54.598,USD,2
104,335,801,2,63.17,36,1.96,76.9376,USD,5
105,855,130,8,19.43,49,0.93,71.8344,USD,4
106,49,227,10,28.19,44,1.17,146.164,USD,1
107,244,898,10,61.81,23,0.73,468.637,USD,6
108,156,1000,7,39.01,33,1,175.9569,USD,6
109,327,492,2,51.58,12,0.03,90.7208,USD,3
110,275,581,2,53.61,21,0.32,84.0638,USD,2
111,656,792,10,56.2,38,1.58,332.64,USD,1
112,428,200,4,96.48,38,0.5,237.2704,USD,3
113,944,490,1,18.14,25,0.28,13.325,USD,4
114,126,819,2,8.8,44,0.02,9.816,USD,1
115,512,109,3,87.71,24,1.3,196.0788,USD,3
116,951,62,9,75.53,10,1.85,595.143,USD,1
117,481,744,10,60.46,33,0.15,403.582,USD,2
118,322,79,7,44.12,4,1.99,282.5564,USD,3
119,625,80,3,61.59,17,0.78,151.0191,USD,2
120,607,137,8,36.64,14,1.34,241.3632,USD,3
121,308,525,4,36.22,10,1.6,123.992,USD,4
122,891,188,7,59.66,33,0.96,273.0854,USD,1
123,541,731,7,63.9,28,0.33,319.746,USD,3
124,976,627,4,94.55,18,1.53,304.004,USD,6
125,967,236,2,81.16,22,0.86,124.8896,USD,6
126,219,90,6,28.66,11,0.14,152.2044,USD,2
127,828,969,6,46.93,19,0.48,225.1998,USD,4
128,287,609,3,23.34,5,0.6,64.719,USD,2
129,941,383,8,81.86,20,0.32,521.344,USD,2
130,307,215,3,57.56,12,1.67,146.9484,USD,2
131,718,964,2,13.27,31,1.6,15.1126,USD,1
132,544,264,2,17.7,16,0.12,29.496,USD,3
133,883,840,8,25,0,0.84,193.28,USD,5
134,861,460,7,57.47,13,0.1,349.2923,USD,1
135,665,948,4,33.81,24,1.12,98.3024,USD,3
136,236,762,5,40.91,11,1.91,172.4995,USD,2
137,394,610,4,15.27,48,1.8,24.5616,USD,4
138,380,931,7,39.61,5,1.13,255.4965,USD,2
139,738,414,7,96.23,20,0.4,536.088,USD,4
140,350,738,2,46.69,11,0.73,81.6482,USD,2
141,577,516,7,75.71,5,1.16,495.3515,USD,4
142,661,119,5,15.04,30,1.78,43.74,USD,2
143,402,784,3,86.73,4,1.58,245.0424,USD,3
144,895,217,7,62.54,31,0.02,301.9282,USD,6
145,605,751,5,16.37,3,0.58,76.4945,USD,1
146,943,769,10,79.64,37,1.18,489.932,USD,5
147,972,476,4,81.21,1,1.01,317.5516,USD,2
148,272,438,10,74.79,50,0.84,365.55,USD,5
149,673,720,6,15.51,30,0.33,63.162,USD,2
150,876,572,10,61.83,27,1.46,436.759,USD,5
151,401,127,5,15.93,19,1.87,55.1665,USD,1
152,374,973,7,97.78,41,1.29,394.8014,USD,4
153,185,325,6,41.54,28,1.73,169.0728,USD,3
154,910,162,6,62.38,44,1.95,197.8968,USD,3
155,252,233,9,74.13,44,0.38,370.1952,USD,3
156,319,584,4,94.21,30,0.44,262.028,USD,6
157,362,520,6,19.29,49,1.87,47.8074,USD,1
158,657,680,1,41.94,13,0.21,36.2778,USD,2
159,221,476,5,68.18,19,1.23,269.979,USD,5
160,898,565,6,90.01,47,0.66,282.2718,USD,2
161,671,402,1,25.7,18,1.58,19.494,USD,5
162,11,695,5,7.84,25,1.86,20.1,USD,1
163,124,203,5,53.44,42,1.8,145.976,USD,5
164,82,186,10,16.64,33,1.23,99.188,USD,3
165,461,982,2,80.65,27,1.26,115.229,USD,4
166,927,117,4,97.42,13,0.84,335.6616,USD,3
167,86,522,7,34.38,36,1.18,145.7624,USD,1
168,289,308,1,57.05,11,0.14,50.6345,USD,1
169,365,284,1,46.75,16,0.55,38.72,USD,5
170,19,774,10,12.04,31,0.64,76.676,USD,2
171,339,841,1,88.3,23,1.71,66.281,USD,2
172,991,119,9,50.79,23,1.44,339.0147,USD,2
173,806,46,1,76.24,18,1.4,61.1168,USD,6
174,197,269,5,45.43,4,0.23,216.914,USD,6
175,790,85,7,16.89,27,0.56,82.3879,USD,5
176,435,638,5,58.98,34,1.86,185.334,USD,3
177,175,733,6,67.69,40,0.35,241.584,USD,2
178,945,219,7,17.47,33,1.57,70.9443,USD,1
179,552,303,7,76.79,14,0.59,458.1458,USD,6
180,47,759,9,8.3,15,0.83,56.025,USD,2
181,583,573,1,56.45,37,1.93,33.6335,USD,5
182,847,583,5,33.92,34,0.47,109.586,USD,2
183,306,865,2,6.13,43,0.02,6.9482,USD,1
184,668,141,8,44.66,14,0.23,305.4208,USD,4
185,144,201,7,61.41,41,0.71,248.6533,USD,6
186,723,794,6,26.31,2,1.14,147.8628,USD,4
187,752,754,2,48.19,17,1.31,77.3754,USD,3
188,606,393,7,54.05,37,0.23,236.7505,USD,3
189,13,297,3,83.11,21,0.57,195.2607,USD,5
190,742,498,10,11.17,16,1.62,77.628,USD,6
191,876,560,4,97.64,50,1.33,189.96,USD,4
192,736,540,7,31.48,4,0.15,210.4956,USD,5
193,698,271,10,26.71,12,1,225.048,USD,1
194,181,978,3,37.64,48,0.25,57.9684,USD,5
195,598,694,10,99.26,25,1.31,731.35,USD,5
196,968,318,2,18.84,11,0.23,33.0752,USD,5
197,307,970,3,77.77,7,1.65,212.0283,USD,3
198,621,185,7,30.12,13,0.97,176.6408,USD,4
199,163,1000,7,76.69,20,0.87,423.374,USD,4
200,991,929,10,38.9,46,1.81,191.96,USD,4
201,455,658,4,9.07,7,0.5,31.7404,USD,4
202,351,155,7,92.94,21,1.71,501.9882,USD,6
203,620,293,1,32.53,18,1.94,24.7346,USD,3
204,827,472,9,17.94,46,0.66,81.2484,USD,3
205,407,26,1,92.2,11,0.87,81.188,USD,3
206,342,824,8,95.51,14,0.49,653.1888,USD,3
207,532,69,7,42.93,26,1.4,212.5774,USD,1
208,389,325,4,39.68,35,1.99,95.208,USD,5
209,118,445,7,90.02,0,0.3,628.04,USD,3
210,872,450,8,42.07,36,0.38,212.3584,USD,5
211,317,934,3,6.67,0,1.76,14.73,USD,6
212,136,286,5,20.22,38,0.2,61.682,USD,2
213,133,399,4,54.99,12,1.05,189.3648,USD,5
214,611,633,10,59.29,49,1.81,284.279,USD,6
215,607,62,8,47.13,16,0.54,312.3936,USD,2
216,64,204,9,88.71,49,1.31,395.3889,USD,6
217,327,812,5,29.47,19,0.01,119.3035,USD,5
218,772,896,9,57.74,45,1.84,269.253,USD,6
219,314,882,9,30.1,34,0.71,172.404,USD,6
220,804,545,8,44.47,24,0.96,262.6976,USD,2
221,385,536,7,89.2,12,1.93,535.962,USD,6
222,126,496,3,15.02,49,1.98,17.0406,USD,3
223,375,368,2,15.62,3,1.23,27.8428,USD,5
224,210,806,10,58.91,42,1.61,325.578,USD,6
225,750,479,10,69.46,5,1.99,639.97,USD,3
226,824,220,5,94.3,31,1.16,319.535,USD,6
227,364,865,5,88.22,21,1.37,341.619,USD,2
228,989,92,6,91.78,29,1.03,384.8028,USD,1
229,810,149,2,40.87,33,0.8,53.1658,USD,1
230,80,582,8,93.82,10,1.03,667.264,USD,1
231,969,520,6,12.06,21,0.55,53.8644,USD,2
232,831,316,7,63.9,38,0.53,273.616,USD,3
233,570,126,1,41.55,18,1.76,32.311,USD,5
234,43,998,4,27.37,37,0.84,65.6124,USD,3
235,158,848,8,25.17,25,1.31,140.54,USD,1
236,10,644,1,38.53,44,0.14,21.4368,USD,4
237,963,269,8,35.64,46,1.35,143.1648,USD,4
238,514,200,4,53.61,21,0.87,165.9276,USD,6
239,279,635,4,28.59,29,0.92,77.5156,USD,4
240,524,196,1,54.09,33,0.78,35.4603,USD,6
241,119,428,5,59.38,18,0.41,241.408,USD,6
242,543,350,1,69.92,29,1.57,48.0732,USD,1
243,911,189,6,67.41,16,1.45,331.0464,USD,5
244,730,752,2,31.89,42,1.14,34.7124,USD,1
245,726,845,8,74.44,11,1.65,516.8128,USD,4
246,825,566,2,13.21,37,1.05,14.5446,USD,4
247,44,347,6,50.17,45,1.06,159.201,USD,2
248,304,411,10,98.87,11,1.59,864.043,USD,5
249,180,357,9,29.11,42,1.86,135.2142,USD,2
250,200,9,6,68.39,33,1.29,267.1878,USD,1
251,586,532,6,46.48,5,1.11,258.276,USD,2
252,711,143,7,95.63,4,1.48,632.2736,USD,4
253,839,606,7,68.61,31,1.72,319.3463,USD,2
254,720,454,5,87.02,42,1.33,245.708,USD,6
255,471,321,5,65.09,4,1.95,302.682,USD,6
256,923,855,8,33.17,29,0.41,185.1256,USD,1
257,497,445,6,33.87,31,0.14,139.3818,USD,4
258,212,164,9,47.11,32,0.1,287.4132,USD,3
259,757,495,7,51.54,36,1.2,222.4992,USD,4
260,628,941,10,11.55,18,0.23,92.41,USD,1
261,815,382,4,15.05,28,0.85,39.944,USD,2
262,134,300,1,46.35,6,1.36,42.209,USD,6
263,300,465,6,10.61,49,0.58,28.9866,USD,1
264,704,641,9,84.87,7,0.58,705.1419,USD,1
265,157,893,9,7.8,25,0.55,47.7,USD,5
266,421,774,9,54.18,26,0.43,356.9688,USD,4
267,646,308,7,19.93,30,1.44,87.577,USD,4
268,132,756,10,5.17,1,0.97,41.483,USD,6
269,238,492,5,44.58,49,0.59,110.729,USD,6
270,934,205,4,35.52,14,1.66,115.5488,USD,5
271,971,805,6,57.15,50,1.81,160.59,USD,3
272,861,557,6,73.02,10,0.65,390.408,USD,1
273,404,427,1,75.83,7,1.61,68.9119,USD,3
274,844,857,8,24.4,4,1.37,176.432,USD,6
275,661,695,5,71.42,16,0.51,297.414,USD,4
276,251,720,2,79.23,15,1.98,130.731,USD,2
277,221,279,8,84.14,34,0.04,443.9392,USD,1
278,562,784,10,30.73,39,1.08,176.653,USD,5
279,924,974,2,92.81,24,0.29,140.4912,USD,1
280,183,350,4,44.29,26,1.67,124.4184,USD,4
281,675,698,3,36.17,41,0.99,61.0509,USD,1
282,694,783,5,68.73,20,1.18,269.02,USD,1
283,508,667,3,22.56,0,1.3,63.78,USD,5
284,80,819,8,77.13,19,1.37,488.8424,USD,2
285,937,596,3,91.38,29,1.07,191.4294,USD,2
286,524,459,7,38.67,39,1.29,156.0909,USD,3
287,87,34,2,33.95,24,1.09,49.424,USD,5
288,613,932,3,65.68,33,1.8,126.6168,USD,2
289,831,287,8,92,13,1.06,631.84,USD,5
290,254,200,8,37.42,18,0.93,238.0352,USD,2
291,525,908,1,69.14,50,0.21,34.36,USD,5
292,439,840,4,85.16,35,0.87,217.936,USD,4
293,663,203,8,81.81,46,1.78,339.1792,USD,1
294,522,605,5,32.09,30,0.02,112.215,USD,2
295,975,583,7,75.13,12,0.06,462.3808,USD,2
296,531,383,3,52.13,13,0.54,134.4393,USD,1
297,219,338,3,71.42,29,0.15,151.6746,USD,3
298,114,4,4,58.94,46,0.47,125.4304,USD,3
299,311,123,8,9.76,12,0.95,61.1104,USD,1
300,976,353,1,13.07,3,1.69,10.9879,USD,5
301,145,855,7,84.26,28,1.84,411.7904,USD,1
302,893,541,3,93.62,47,0.54,147.2358,USD,3
303,584,389,2,29.01,23,1.92,40.8354,USD,4
304,666,452,3,36.68,43,1.2,59.1228,USD,2
305,351,717,3,20.03,38,1.71,32.1258,USD,2
306,548,71,5,33.92,35,1.02,105.14,USD,6
307,466,194,10,87.59,6,1.89,804.446,USD,6
308,848,862,9,13.49,35,1.09,69.1065,USD,4
309,93,531,10,91.03,47,0.46,477.859,USD,3
310,366,114,4,64.94,7,0.07,241.2968,USD,2
311,376,850,2,37.19,5,0.38,69.901,USD,2
312,136,521,9,43.26,37,1.49,231.8742,USD,4
313,866,513,2,6.57,8,0.19,11.7088,USD,3
314,61,302,6,30.89,38,0.45,112.2108,USD,4
315,335,360,9,82.03,26,0.09,545.5098,USD,3
316,442,328,2,98.25,32,0.13,133.36,USD,6
317,581,765,10,64.71,19,0.22,521.951,USD,6
318,818,518,4,13.37,41,0.07,31.2732,USD,5
319,770,909,8,90.45,45,1.56,385.5,USD,6
320,36,76,5,28.65,22,0.34,110.035,USD,3
321,881,225,1,24.14,24,0.99,17.3564,USD,3
322,235,189,1,76.23,4,0.54,72.6408,USD,4
323,639,803,5,35.95,22,1.21,134.155,USD,6
324,718,602,5,17.9,10,1.45,73.3,USD,5
325,159,53,8,5.29,17,1.16,25.8456,USD,5
326,892,291,8,51.66,39,0.02,251.9408,USD,6
327,574,540,4,85.43,2,0.06,334.6456,USD,1
328,820,264,6,35.24,49,0.2,106.6344,USD,1
329,279,309,3,42.23,37,1.36,75.7347,USD,5
330,869,109,5,13.29,47,0.55,32.4685,USD,6
331,192,131,3,45.58,37,1.24,82.4262,USD,4
332,360,820,7,18.14,4,1.71,109.9308,USD,4
333,758,615,7,22.74,30,0.08,110.866,USD,2
334,914,762,4,10.94,0,1.37,38.28,USD,5
335,171,344,3,60.7,41,1.93,101.649,USD,2
336,502,90,7,87.1,22,1.17,467.376,USD,1
337,706,115,7,16.64,34,0.22,75.3368,USD,2
338,786,15,7,86.79,31,0.66,414.5757,USD,1
339,198,844,2,10.57,11,0.56,17.6946,USD,5
340,364,315,1,12.55,11,1.5,9.6695,USD,6
341,17,422,2,67.37,23,0.86,102.0298,USD,3
342,456,306,6,40.49,3,1.36,227.4918,USD,3
343,701,653,6,38.55,40,0.99,132.84,USD,3
344,190,1,7,40.04,24,0.08,212.4528,USD,1
345,299,516,8,65.84,6,1.91,479.8368,USD,4
346,964,323,4,6.25,43,0.02,14.17,USD,5
347,223,995,10,57.4,4,1.87,532.34,USD,6
348,381,713,2,68.08,1,0.24,134.3184,USD,1
349,251,757,6,7.58,30,1.89,20.496,USD,5
350,264,404,7,87.18,38,1.58,367.3012,USD,1
351,155,938,6,50.66,27,0.58,218.4108,USD,5
352,476,48,3,42.69,10,0.78,112.923,USD,4
353,133,831,1,32.35,25,1.13,23.1325,USD,6
354,368,678,3,87.61,48,1.84,131.1516,USD,3
355,436,258,6,51.52,30,0.52,213.264,USD,4
356,585,338,2,29,4,1.83,52.02,USD,6
357,551,728,3,88.73,12,0.05,234.0972,USD,2
358,15,431,5,16.59,19,1.82,58.0895,USD,4
359,184,745,1,33.67,14,0.33,28.6262,USD,6
360,785,969,3,26.56,42,1.34,42.1944,USD,3
361,831,638,3,27.93,41,0.11,49.1061,USD,1
362,339,630,1,33.76,42,1.17,18.4108,USD,6
363,445,468,8,27.2,3,0.97,203.312,USD,2
364,395,211,3,7.63,49,0.42,10.4139,USD,1
365,898,791,2,77.31,29,1.52,106.7402,USD,2
366,514,794,3,47.35,32,0.77,94.284,USD,3
367,222,758,4,89.84,33,1.87,233.2912,USD,2
368,824,500,5,7.68,18,1.03,26.338,USD,5
369,75,576,4,83.58,14,1.19,282.7552,USD,3
370,137,864,6,43.77,44,0.05,146.7672,USD,2
371,475,29,4,55.23,0,1.76,213.88,USD,1
372,944,787,5,34.6,6,1.44,155.42,USD,5
373,268,863,8,18.81,19,1.99,105.9688,USD,3
374,616,368,7,60.55,12,1.12,365.148,USD,6
375,368,943,2,44.72,22,0.06,69.6432,USD,4
376,465,680,9,24.77,14,0.48,187.3998,USD,5
377,589,309,1,34.47,4,1.06,32.0312,USD,2
378,385,674,10,46.96,14,1.66,387.256,USD,3
379,598,213,9,34.28,17,1.12,245.9916,USD,6
380,311,919,1,63.01,10,1.91,54.799,USD,3
381,783,427,1,73.01,14,0.59,62.1986,USD,1
382,434,192,6,33.8,33,0.2,134.676,USD,2
383,620,185,8,33.78,46,0.66,140.6496,USD,6
384,819,503,6,5.76,49,1.49,8.6856,USD,6
385,143,458,8,8.51,4,1.23,55.5168,USD,5
386,337,336,8,29.38,27,1.61,158.6992,USD,5
387,323,536,5,34.28,27,0.57,122.272,USD,2
388,661,497,2,87.13,3,0.45,168.1322,USD,3
389,426,376,10,80.27,27,0.79,578.071,USD,2
390,569,792,1,12.66,12,0.22,10.9208,USD,6
391,292,232,1,90.85,13,0.72,78.3195,USD,3
392,159,390,5,96.44,18,0.43,393.254,USD,3
393,846,993,3,54.04,26,1.02,116.9088,USD,5
394,897,504,1,15.53,50,0.22,7.545,USD,3
395,366,220,7,44.34,33,0.23,206.3446,USD,3
396,863,401,7,91.7,8,0.34,588.168,USD,6
397,737,638,4,96.72,47,0.62,202.5664,USD,4
398,604,524,4,33.76,14,0.05,115.9344,USD,4
399,149,611,2,67.32,43,1.66,73.4248,USD,6
400,348,258,3,10.57,50,0.16,15.375,USD,4
401,207,356,3,52.18,8,0.7,141.9168,USD,3
402,11,329,4,97.19,49,0.5,196.2676,USD,3
403,225,791,7,80.84,7,1.55,515.4184,USD,3
404,740,785,10,21.92,41,1.02,119.128,USD,5
405,335,968,3,49.69,39,1.18,87.3927,USD,6
406,670,943,7,46.6,6,0.66,302.008,USD,5
407,609,25,10,90.69,6,0.19,850.586,USD,5
408,263,670,2,85.35,32,1.95,112.176,USD,1
409,325,273,1,13.85,37,1.98,6.7455,USD,5
410,657,534,3,35.43,43,0.27,59.7753,USD,6
411,316,104,2,7.75,41,0.28,8.585,USD,6
412,934,683,8,40.99,27,0.24,237.4616,USD,4
413,77,177,10,64.12,20,0.97,503.26,USD,6
414,239,611,8,97.46,34,0.95,506.9888,USD,5
415,958,800,6,62.81,36,1.53,232.0104,USD,2
416,162,434,3,18.72,26,1.61,36.7284,USD,6
417,795,415,1,89.48,18,1.83,71.5436,USD,5
418,535,405,6,73.31,12,0.95,381.3768,USD,5
419,408,893,1,68.03,20,1.64,52.784,USD,1
420,551,307,5,26.03,3,0.81,122.1955,USD,2
421,950,130,8,43.86,20,0.34,277.984,USD,5
422,991,182,3,80.96,46,1.37,127.0452,USD,3
423,478,757,5,82.79,48,1.64,207.054,USD,4
424,783,394,10,76.97,12,0.95,667.836,USD,1
425,969,836,8,10.55,38,1.32,41.768,USD,4
426,804,814,2,58.86,17,0.17,97.3676,USD,3
427,863,456,8,81.82,16,0.29,547.5104,USD,6
428,764,745,3,71.24,13,0.71,183.8064,USD,6
429,750,802,3,89.03,45,1.21,143.2695,USD,1
430,622,912,5,29.86,20,1.48,112.04,USD,1
431,15,777,9,46.24,4,0.32,396.6336,USD,5
432,646,178,6,5.2,24,1.12,16.992,USD,1
433,623,552,9,98.1,32,0.62,594.792,USD,2
434,786,526,6,86.34,24,0.69,389.5704,USD,6
435,321,908,8,55.73,14,1.31,372.9424,USD,4
436,956,84,8,37.13,26,1.61,206.9296,USD,5
437,668,401,8,15.67,14,0.45,104.2096,USD,1
438,168,177,6,27.72,10,0.99,143.748,USD,5
439,223,470,9,29.28,15,1.44,211.032,USD,6
440,395,654,10,5.78,26,0.36,39.172,USD,1
441,498,523,9,44.87,29,0.07,286.0893,USD,1
442,780,438,7,82.02,42,0.76,327.6812,USD,2
443,284,309,2,63.88,3,1.02,121.8872,USD,1
444,895,982,10,17.54,31,0.07,120.326,USD,2
445,612,300,4,73.77,7,1.64,267.8644,USD,2
446,789,310,4,71.79,34,1.09,185.1656,USD,2
447,535,765,9,57.3,26,0.1,380.718,USD,4
448,474,725,9,93.07,9,0.38,758.8233,USD,5
449,729,269,5,22.46,20,1.66,81.54,USD,6
450,169,688,7,42.91,27,0.93,212.7601,USD,3
451,35,140,10,39.01,14,0.23,333.186,USD,2
452,834,568,7,58.67,47,0.2,216.2657,USD,6
453,625,111,9,24.04,1,0.71,207.8064,USD,1
454,959,400,3,38.61,28,1.63,78.5076,USD,5
455,291,413,3,6.89,26,1.61,10.4658,USD,4
456,910,802,6,82.01,39,1.1,293.5566,USD,3
457,135,416,5,47.71,6,1.74,215.537,USD,5
458,380,13,9,92.64,41,0.6,486.5184,USD,6
459,972,753,4,94.37,27,0.32,274.2804,USD,1
460,746,855,2,61.87,44,1.35,66.5944,USD,1
461,402,198,3,55.49,44,1.98,87.2832,USD,1
462,976,942,5,15.96,31,1.2,49.062,USD,2
463,299,466,4,92.72,48,0.53,190.7376,USD,6
464,197,50,6,59.62,43,1.96,192.1404,USD,5
465,948,737,1,27.51,41,0.11,16.1209,USD,4
466,822,489,4,11.7,36,1.71,23.112,USD,5
467,991,531,1,69.76,4,0.17,66.7996,USD,6
468,513,499,10,24.56,24,1.71,169.556,USD,2
469,942,94,3,95.29,39,1.36,170.3007,USD,5
470,306,134,10,72.93,1,0.78,714.207,USD,3
471,709,192,8,10.52,36,1.1,45.0624,USD,2
472,700,245,1,13.07,6,0.4,11.8858,USD,4
473,846,832,5,18.79,29,0.13,66.0545,USD,3
474,191,95,9,88.75,27,0.52,578.4075,USD,6
475,231,915,2,15.59,42,1.07,15.9444,USD,6
476,232,145,6,33.84,39,0.06,123.4944,USD,3
477,117,820,3,45.53,14,1.6,112.6674,USD,2
478,777,738,5,47,6,1.04,215.7,USD,6
479,874,270,7,57.05,47,0.18,210.3955,USD,1
480,624,676,8,97.71,12,1.65,674.6784,USD,2
481,476,237,4,22.06,6,1.82,75.6656,USD,3
482,576,166,4,36.18,14,1.97,116.5792,USD,3
483,554,463,8,81.2,28,1.12,458.752,USD,2
484,363,753,3,45.38,21,1.1,104.2506,USD,6
485,648,281,1,13.35,15,1.66,9.6875,USD,6
486,596,315,4,85.12,10,0.15,305.832,USD,1
487,105,585,7,55.11,20,0.99,301.686,USD,1
488,237,923,6,71.56,38,0.13,265.4232,USD,1
489,902,471,5,79.54,47,1.32,204.181,USD,2
490,438,558,6,6.73,15,0.68,30.243,USD,1
491,630,38,10,46.68,23,0.63,353.136,USD,5
492,689,732,5,48.48,24,1.52,176.624,USD,2
493,506,420,4,61.71,24,0.74,184.6384,USD,5
494,283,532,10,95.28,27,0.78,687.744,USD,4
495,579,976,5,83.97,18,0.39,342.327,USD,4
496,399,2,1,43.11,44,0.85,23.2916,USD,6
497,447,264,5,84.83,27,1.39,302.6795,USD,4
498,186,529,5,73.83,24,1.38,273.654,USD,2
499,661,143,2,81.35,38,1.06,98.754,USD,3
500,860,574,5,39.85,46,0.58,104.695,USD,6
501,151,605,4,33.02,21,1.77,97.2632,USD,2
502,785,691,5,55.58,47,1.79,138.337,USD,1
503,610,468,1,14.42,2,0.27,13.8616,USD,2
504,448,200,6,35.06,27,0.16,152.6028,USD,4
505,123,776,5,26.01,50,0.33,63.375,USD,1
506,915,464,1,44.46,23,1.3,32.9342,USD,1
507,651,714,2,11.43,45,0.76,11.053,USD,3
508,593,612,4,60.56,45,0.14,132.672,USD,2
509,208,276,1,83.26,7,1.97,75.4618,USD,2
510,672,30,5,84.04,13,1.56,357.774,USD,4
511,839,497,6,63.55,38,1.39,228.066,USD,1
512,760,487,10,14.28,20,0.89,105.34,USD,1
513,439,788,9,65.2,43,0.52,329.796,USD,5
514,820,938,6,6.05,24,0.89,22.248,USD,1
515,803,99,8,77.19,43,0.4,348.7864,USD,3
516,716,500,10,26.14,11,0.65,226.146,USD,6
517,36,795,9,59.86,23,0.77,407.8998,USD,5
518,192,941,2,13.17,28,0.95,17.0648,USD,4
519,591,442,4,81.57,46,1.48,170.2712,USD,5
520,581,581,7,39.68,29,1.74,185.0296,USD,6
521,556,637,8,81.46,17,0.67,535.5344,USD,4
522,120,547,8,47.14,6,0.04,354.1728,USD,1
523,380,469,2,25.84,45,1.99,24.444,USD,2
524,320,841,6,93.1,45,1.03,301.05,USD,6
525,185,666,3,68.15,16,1.37,167.628,USD,5
526,532,135,6,48.56,36,0.92,180.9504,USD,2
527,18,554,7,20.84,18,0.28,117.6616,USD,1
528,610,511,5,73.51,27,0.14,267.6115,USD,3
529,331,107,6,38.7,43,0.51,129.294,USD,3
530,982,638,4,88,27,0.37,255.48,USD,4
531,971,538,3,48.23,20,1.57,111.042,USD,3
532,765,619,4,97.69,27,0.18,284.5348,USD,3
533,504,597,6,34.49,44,1.77,105.2664,USD,1
534,524,927,7,36.37,28,0.63,178.8948,USD,5
535,303,811,2,51.37,34,0.56,66.6884,USD,3
536,96,217,3,52.44,32,0.83,104.4876,USD,1
537,343,835,7,87.44,9,1.05,549.6428,USD,6
538,768,571,9,11.79,2,1.31,92.1978,USD,5
539,374,799,7,85.85,14,0.91,510.447,USD,6
540,268,469,3,48.11,15,0.2,122.0805,USD,5
541,132,768,5,14.81,37,0.74,42.9515,USD,6
542,532,169,8,98.25,22,1.39,601.96,USD,2
543,179,581,1,12.44,30,1.81,6.898,USD,6
544,322,139,3,14.07,5,0.69,38.0295,USD,6
545,800,802,2,38.3,18,0.19,62.432,USD,5
546,414,330,10,25.2,13,1.61,203.14,USD,4
547,687,37,8,69.3,27,0.45,401.112,USD,6
548,913,370,3,7.23,32,0.33,13.7592,USD,4
549,671,401,7,47.22,50,0.45,162.12,USD,5
550,639,832,9,87.7,0,0.36,786.06,USD,3
551,152,915,9,96.81,41,1.58,499.8411,USD,1
552,373,102,2,90.49,48,1.37,91.3696,USD,6
553,622,211,1,91.41,26,0.34,67.3034,USD,5
554,700,857,8,38.65,17,0.17,255.276,USD,1
555,808,396,2,97.53,16,1.7,160.4504,USD,2
556,678,455,7,77.44,37,1.86,328.4904,USD,1
557,446,51,2,49.26,28,0.6,69.7344,USD,3
558,984,916,6,96.15,18,0.64,469.218,USD,5
559,917,578,5,72.11,38,1.5,216.041,USD,5
560,816,741,8,22.31,28,0.63,123.4656,USD,1
561,611,770,3,97.97,15,0.09,249.5535,USD,4
562,462,338,8,96.51,22,1.82,587.6624,USD,3
563,838,878,1,82.01,43,0.62,46.1257,USD,2
564,458,348,9,40.81,44,0.77,198.7524,USD,4
565,644,895,10,43.26,45,0.1,236.93,USD,2
566,543,888,9,48.16,43,1.5,233.5608,USD,4
567,292,244,9,33.7,42,0.14,174.654,USD,6
568,698,497,3,18.53,48,0.89,26.2368,USD,2
569,262,37,4,10.07,1,1.27,34.7972,USD,2
570,591,641,3,19.59,17,0.7,46.6791,USD,1
571,907,998,4,96.59,47,0.91,201.1308,USD,6
572,388,771,4,96.04,14,0.29,329.2176,USD,2
573,576,483,1,60.79,8,0.44,55.4868,USD,4
574,422,525,8,40.84,28,0.76,229.1584,USD,5
575,598,198,5,30.92,23,1.89,109.592,USD,6
576,222,928,4,29.61,16,1.77,92.4096,USD,1
577,252,955,5,76.78,33,1.36,250.413,USD,5
578,728,55,8,37.04,32,1.13,192.4576,USD,1
579,253,799,4,18.12,31,1.95,42.2112,USD,2
580,417,959,4,26.81,31,1.26,68.9556,USD,4
581,683,504,8,83.99,50,1.3,325.56,USD,2
582,132,477,4,98.05,48,1.98,196.024,USD,5
583,455,787,1,84.72,21,1.51,65.4188,USD,4
584,487,375,2,72.6,22,0.74,111.776,USD,5
585,715,749,4,90.88,32,0.41,245.5536,USD,6
586,418,753,5,16.1,34,1.15,47.38,USD,2
587,41,491,4,98.04,50,1.79,188.92,USD,1
588,526,304,6,94.73,6,1.81,523.4172,USD,6
589,273,684,5,8.32,14,1.68,27.376,USD,3
590,55,724,4,46.27,18,0.98,147.8456,USD,2
591,419,867,1,47.61,3,0.39,45.7917,USD,6
592,643,616,10,44.76,33,0.19,297.992,USD,3
593,541,314,2,8.04,28,0.29,10.9976,USD,5
594,801,971,6,26.82,26,1.1,112.4808,USD,1
595,523,498,8,41.68,4,0.61,315.2224,USD,5
596,634,770,8,68.16,19,1.37,430.7168,USD,3
597,90,478,2,75.32,39,1.99,87.9104,USD,4
598,171,293,1,95.44,28,1.42,67.2968,USD,6
599,212,381,1,99.63,30,1.21,68.531,USD,2
600,38,197,10,37.23,43,0.47,207.511,USD,6
601,931,484,1,31.94,0,0.17,31.77,USD,1
602,587,225,10,88.91,26,0.64,651.534,USD,2
603,779,70,2,83.38,21,0.72,130.3004,USD,5
604,709,483,8,23.65,30,0.94,124.92,USD,1
605,509,975,5,35.73,9,1.59,154.6215,USD,3
606,299,994,9,84.64,35,0.29,492.534,USD,2
607,877,626,5,44.65,21,1.55,168.6175,USD,5
608,441,688,5,31.99,30,1.43,104.815,USD,3
609,185,772,6,58.1,40,1.3,201.36,USD,4
610,583,536,8,45.48,42,0.55,206.6272,USD,3
611,87,979,10,77.36,29,0.24,546.856,USD,1
612,319,66,4,24.71,8,1.63,84.4128,USD,4
613,633,264,5,31.64,3,0.96,148.654,USD,6
614,653,441,6,8.12,17,0.86,35.2776,USD,2
615,570,877,3,57.39,16,0.4,143.4228,USD,3
616,296,977,8,36.5,14,0.23,249.28,USD,4
617,890,726,3,86.98,19,0.16,210.8814,USD,1
618,165,651,5,88.54,8,0.18,406.384,USD,3
619,34,348,8,34.83,48,1.19,135.3728,USD,6
620,841,207,2,47.61,10,0.1,85.498,USD,6
621,889,831,2,87.53,29,0.85,122.5926,USD,2
622,6,364,8,38.05,41,0.95,171.996,USD,4
623,381,621,4,86.68,19,0.08,280.5232,USD,6
624,768,441,8,25.51,47,1.98,92.3224,USD,6
625,276,550,9,11.03,7,0.57,87.1911,USD,3
626,900,910,5,30.79,24,1.83,107.852,USD,2
627,408,296,1,63.67,19,0.16,51.4127,USD,2
628,174,740,5,96.65,28,1.38,341.04,USD,3
629,3,687,8,35.9,28,0.93,199.344,USD,2
630,391,241,4,67.92,40,0.51,160.968,USD,3
631,709,915,10,61.46,35,1.77,381.79,USD,5
632,541,332,3,70.37,36,0.04,134.9904,USD,4
633,835,891,7,27.27,29,1.76,123.2119,USD,2
634,419,684,9,27.27,16,1.14,195.9012,USD,4
635,343,985,2,22.81,28,0.39,32.0664,USD,5
636,847,178,5,39.29,14,1.55,161.197,USD,2
637,599,53,3,88.46,21,1.19,206.0802,USD,3
638,298,671,3,11.85,15,1.59,25.4475,USD,2
639,479,65,9,27.07,29,0.96,164.3373,USD,3
640,273,712,3,48.42,36,0.96,90.0864,USD,4
641,82,524,4,84.56,24,1.57,250.7824,USD,4
642,715,511,9,7.22,27,1.2,36.6354,USD,3
643,957,40,8,85.99,46,0.39,368.3568,USD,4
644,628,892,6,62.87,45,1.07,201.051,USD,1
645,623,900,1,26.61,7,0.18,24.5673,USD,6
646,43,775,4,60.79,12,1.82,206.7008,USD,6
647,324,820,5,18.76,33,1.96,53.046,USD,1
648,30,818,3,6.31,41,0.7,9.0687,USD,1
649,173,719,5,98.66,37,0.23,309.629,USD,2
650,810,737,7,98.59,45,1.31,370.4015,USD,6
651,879,392,6,99.78,7,0.99,550.8324,USD,6
652,547,895,7,81.08,25,0.44,422.59,USD,2
653,196,317,10,43.72,39,1.34,253.292,USD,3
654,958,708,3,28.38,10,0.92,73.866,USD,6
655,616,370,3,8.82,50,0.6,11.43,USD,5
656,538,385,3,55.89,36,1.2,103.7088,USD,2
657,99,861,5,44.31,41,1.67,122.3645,USD,5
658,428,457,9,35.06,1,1.56,298.3446,USD,1
659,441,828,9,32.57,26,1.73,201.3462,USD,4
660,886,27,7,17.12,30,0.67,79.198,USD,6
661,311,747,3,80.76,7,1.63,220.4304,USD,3
662,673,277,2,25.83,25,0.51,37.725,USD,4
663,820,921,7,23.64,2,0.64,157.6904,USD,6
664,693,403,7,79.27,27,1.8,392.4697,USD,6
665,285,670,3,56.27,5,0.88,157.7295,USD,4
666,353,75,3,83.95,49,0.53,126.8535,USD,5
667,739,927,5,60.98,16,0.35,254.366,USD,5
668,781,796,9,27.26,19,0.61,193.2354,USD,1
669,434,732,6,48.16,8,0.72,261.5232,USD,2
670,672,996,9,15.99,44,1.5,67.0896,USD,6
671,760,272,2,40.13,18,1.5,62.8132,USD,4
672,150,191,3,41.81,24,1.72,90.1668,USD,6
673,17,12,4,68.56,2,1.45,262.9552,USD,4
674,819,724,1,38.57,31,0.24,26.3733,USD,2
675,61,310,6,11.67,45,1.81,27.651,USD,2
676,619,577,9,81.26,9,0.44,661.5594,USD,1
677,407,373,7,53.43,42,1.43,206.9158,USD,1
678,797,214,3,65.87,5,1.83,182.2395,USD,5
679,734,280,4,42.27,0,1.71,162.24,USD,3
680,778,175,4,44.19,37,0.87,107.8788,USD,4
681,1000,232,3,24.06,22,0.61,54.4704,USD,4
682,334,62,7,64.6,48,1.16,227.024,USD,5
683,465,220,4,76.4,39,0.36,184.976,USD,4
684,118,457,5,98.44,8,0.18,451.924,USD,6
685,300,774,1,92.61,10,1.26,82.089,USD,1
686,644,576,7,46.47,4,0.49,308.8484,USD,6
687,897,117,1,35.98,31,0.92,23.9062,USD,6
688,394,666,1,98.02,15,0.22,83.097,USD,3
689,600,921,3,20.63,5,0.73,56.6055,USD,2
690,487,927,2,40.73,30,2,53.022,USD,5
691,502,314,1,15.56,13,1.54,11.9972,USD,3
692,395,532,7,91.13,3,0.02,618.6327,USD,3
693,911,679,3,36.54,9,0.05,99.6042,USD,4
694,739,907,7,36.43,46,1.96,123.9854,USD,4
695,397,650,4,29.57,37,1.16,69.8764,USD,6
696,777,779,1,55.83,47,0.65,28.9399,USD,3
697,231,727,7,17.89,26,1.36,83.1502,USD,6
698,554,404,1,78.58,12,0.98,68.1704,USD,4
699,137,879,8,67.59,15,0.23,457.772,USD,3
700,74,811,4,8.67,49,0,17.6868,USD,6
701,836,121,10,88.92,4,1.03,843.332,USD,1
702,665,160,3,89.3,29,1.76,184.929,USD,5
703,979,566,5,77.04,21,1.07,298.958,USD,4
704,159,277,5,43.99,19,0.91,173.6095,USD,6
705,111,706,1,49.48,24,1.91,35.6948,USD,2
706,1,923,6,70.11,7,1.58,381.7338,USD,5
707,807,185,9,44.91,23,1.88,294.3063,USD,4
708,572,951,5,7.03,16,1.87,20.176,USD,5
709,936,334,5,9.88,45,0.54,24.47,USD,1
710,91,283,9,6.7,9,1.26,43.533,USD,5
711,371,717,5,54.27,30,1.55,182.195,USD,1
712,919,691,5,30.8,10,0.46,136.3,USD,1
713,724,664,4,85.18,3,1.74,323.5384,USD,4
714,757,624,1,29.87,6,1.08,26.9978,USD,6
715,195,465,5,8.57,16,1.89,26.544,USD,2
716,222,109,2,35.05,29,1.92,45.931,USD,2
717,974,995,7,64.87,2,0.08,444.4482,USD,1
718,769,116,6,57.98,15,1.73,285.318,USD,1
719,96,266,4,93.61,44,1.81,202.4464,USD,2
720,83,709,5,69.23,6,0.49,322.931,USD,2
721,953,732,4,28.2,40,0.93,63.96,USD,3
722,151,488,7,82.05,24,0.26,434.686,USD,4
723,182,535,1,9.7,22,0.48,7.086,USD,1
724,20,236,4,49.03,35,1.6,121.078,USD,1
725,502,945,8,64.91,34,0.97,334.9648,USD,2
726,16,730,7,16.42,11,0.46,99.0766,USD,6
727,90,588,6,58.06,46,0.14,187.2744,USD,3
728,741,536,3,65.82,35,1.33,124.359,USD,2
729,692,698,5,21.25,8,0.69,94.3,USD,6
730,805,849,4,47.38,18,1.99,147.4464,USD,5
731,516,867,2,72.01,5,0.14,136.539,USD,3
732,27,426,10,32.07,19,0.62,253.567,USD,1
733,636,678,8,69.94,30,0.6,386.864,USD,3
734,433,288,4,98.81,13,0.02,343.7788,USD,2
735,486,324,5,73.48,39,1.4,217.114,USD,5
736,965,483,2,40.07,7,0.08,74.3702,USD,2
737,108,878,1,17.04,7,1.33,14.5172,USD,4
738,417,269,2,53.88,22,0.48,83.0928,USD,3
739,366,854,4,22.83,23,0.81,67.0764,USD,1
740,348,127,4,17.78,15,1.46,54.612,USD,4
741,61,470,10,82.31,39,0.85,493.591,USD,4
742,316,632,4,17.63,3,0.17,67.7244,USD,2
743,318,217,4,9.95,33,0.34,25.306,USD,4
744,274,797,5,90.49,37,0.34,283.3435,USD,6
745,396,622,9,29.61,20,1.89,196.182,USD,4
746,771,234,1,17.41,17,1.92,12.5303,USD,1
747,815,968,1,11.63,21,1.25,7.9377,USD,5
748,377,360,5,88.24,45,1.34,235.96,USD,5
749,506,554,5,17.54,37,0.37,53.401,USD,2
750,720,572,5,67.37,16,0.06,282.654,USD,1
751,6,701,4,93.13,1,1.2,363.9948,USD,5
752,932,73,7,15.61,45,0.67,55.4085,USD,2
753,545,46,8,53.85,14,0.46,366.808,USD,6
754,970,56,3,83.02,14,1.27,210.3816,USD,1
755,671,904,1,94.3,16,0.96,78.252,USD,3
756,398,801,7,40.03,3,1.04,264.5237,USD,1
757,206,625,4,88.52,4,1.78,332.7968,USD,3
758,368,532,3,40.22,15,0.94,99.741,USD,2
759,481,142,3,79.39,30,0.65,164.769,USD,6
760,675,505,3,73.89,7,0.6,204.3531,USD,6
761,651,304,4,97.85,40,0.53,232.72,USD,6
762,558,726,4,18.09,39,1.68,37.4196,USD,6
763,808,691,3,42.81,21,1.91,95.7297,USD,3
764,276,722,2,59.36,35,0.61,75.948,USD,2
765,876,667,4,30.09,15,1.32,97.026,USD,5
766,221,678,9,81.42,12,1.71,629.4564,USD,2
767,144,983,6,78.63,3,0.72,453.3066,USD,1
768,439,531,10,51.45,47,1.78,254.885,USD,4
769,697,721,5,68.77,21,1.55,263.8915,USD,5
770,776,354,3,8.19,44,0.51,12.2292,USD,6
771,81,503,6,53.8,5,1.65,296.76,USD,5
772,544,647,5,50.93,37,1.46,153.1295,USD,1
773,980,90,8,91.06,12,0.69,635.5424,USD,5
774,508,393,2,74.03,18,0.49,120.4292,USD,3
775,982,262,7,52.84,13,0.15,320.7456,USD,1
776,294,349,10,38.75,11,1.27,332.175,USD,6
777,48,184,4,65.65,18,0.64,212.772,USD,5
778,920,552,1,41.11,36,1.68,24.6304,USD,4
779,674,283,2,81.97,34,0.15,107.9004,USD,6
780,950,102,4,30.95,13,0.33,106.386,USD,5
781,147,945,1,90.76,16,1.04,75.1984,USD,6
782,981,4,2,76.44,10,0.55,136.492,USD,2
783,476,226,8,20.69,26,1.73,108.6448,USD,3
784,992,300,8,73.73,25,1.62,429.42,USD,2
785,317,347,5,94.53,48,0.31,244.228,USD,1
786,875,602,5,15.78,24,1.87,50.614,USD,5
787,386,11,8,98.46,35,1.69,498.472,USD,6
788,679,161,7,56.76,49,1.02,195.4932,USD,5
789,56,831,10,55.01,12,0.22,481.888,USD,5
790,910,353,4,91.42,17,1.79,296.3544,USD,2
791,668,316,2,89.06,36,0.08,113.8368,USD,6
792,525,46,3,48.36,40,1.22,83.388,USD,6
793,85,303,6,49.89,34,1.94,185.9244,USD,1
794,19,350,1,12.7,43,0.79,6.449,USD,2
795,864,646,2,27.19,5,1.02,49.621,USD,6
796,874,562,5,83.42,13,1.31,356.327,USD,1
797,568,403,3,27.6,29,1.42,54.528,USD,2
798,756,334,4,41.95,42,0.73,94.404,USD,2
799,887,689,5,13.49,4,1.8,55.752,USD,3
800,677,680,5,68.55,4,1.48,321.64,USD,4
801,986,90,4,97.08,16,0.49,324.2288,USD,1
802,411,661,8,98.36,18,1.72,631.4816,USD,1
803,338,148,10,77.2,6,1.73,708.38,USD,1
804,754,32,2,23.3,2,1.66,42.348,USD,1
805,625,407,6,82.51,44,0.15,276.3336,USD,3
806,34,99,7,99.91,2,0.8,679.7826,USD,2
807,965,101,5,95.82,47,1.15,248.173,USD,2
808,132,138,10,86.63,19,1.4,687.703,USD,5
809,535,803,10,71.34,46,0.25,382.736,USD,3
810,563,406,9,47.55,31,1.44,282.3255,USD,2
811,326,807,10,64.07,10,1.2,564.63,USD,6
812,692,238,1,80.54,8,1.05,73.0468,USD,2
813,14,615,10,69.11,29,1.51,475.581,USD,1
814,10,713,6,7.7,6,1.63,33.648,USD,5
815,21,360,1,83.75,31,1.61,56.1775,USD,2
816,941,32,8,62.57,38,0.21,308.6672,USD,2
817,910,543,1,25.78,3,1.11,23.8966,USD,3
818,660,687,6,82.76,21,1.85,381.1824,USD,3
819,846,326,6,88.47,49,0.92,265.1982,USD,3
820,324,579,6,80.12,38,0.57,294.6264,USD,2
821,146,384,3,36.15,4,1.33,100.122,USD,4
822,808,128,8,45.92,3,0.42,352.9792,USD,1
823,917,956,3,66.9,27,1.63,141.621,USD,4
824,416,197,10,58.5,5,0.99,545.85,USD,6
825,330,794,6,17.24,2,1.32,93.4512,USD,2
826,282,331,2,27.94,11,0.34,49.0532,USD,5
827,950,979,5,45.49,31,0.62,153.8405,USD,3
828,462,260,2,92.34,2,1.81,177.3664,USD,2
829,621,532,10,81.64,21,0.69,638.056,USD,3
830,878,676,6,8.74,39,0.01,31.9284,USD,4
831,224,739,7,75.28,46,1.4,274.7584,USD,3
832,263,505,6,32.16,49,1.99,86.4696,USD,1
833,386,867,1,10.79,31,0.16,7.2851,USD,1
834,191,699,7,28.89,4,0.58,190.0808,USD,2
835,241,994,1,86.14,49,0.84,43.0914,USD,3
836,4,23,2,44.69,14,0.82,75.2268,USD,1
837,514,464,4,64.73,47,1.91,129.5876,USD,1
838,474,29,5,26.42,34,0,87.186,USD,5
839,820,895,3,13.63,19,0.7,31.0209,USD,2
840,28,451,10,37.96,16,1.69,301.964,USD,6
841,777,120,7,20.46,37,1.46,80.0086,USD,4
842,264,559,5,84.44,16,0.67,351.298,USD,4
843,146,83,2,64.21,41,0.02,75.7278,USD,5
844,523,170,10,13.28,49,0.85,59.228,USD,1
845,868,840,10,49.5,16,1.62,399.6,USD,2
846,539,44,4,16.13,16,0.73,51.2768,USD,1
847,288,49,10,61.31,11,0.89,536.759,USD,6
848,915,295,9,32.09,50,1.43,131.535,USD,2
849,428,48,3,94.96,20,0.05,227.754,USD,5
850,946,738,6,58.78,10,0.46,314.652,USD,6
851,140,697,2,93.88,38,0.82,114.7712,USD,2
852,136,192,9,94.89,12,0.96,742.8888,USD,3
853,360,613,6,64.89,0,1.37,381.12,USD,5
854,904,947,6,14.31,3,1.02,77.1642,USD,6
855,125,203,5,95.75,38,1.52,289.225,USD,5
856,669,369,5,41.18,3,0.96,194.923,USD,6
857,224,130,7,20.56,37,1.03,83.4596,USD,4
858,504,143,10,69.37,22,1.3,528.086,USD,2
859,637,763,3,96.22,38,0.07,178.7592,USD,1
860,216,439,9,21.07,27,1.91,121.2399,USD,3
861,606,872,5,43.77,25,1.38,157.2375,USD,4
862,861,630,2,22.22,30,1.09,28.928,USD,3
863,129,75,7,52.3,38,0.18,225.722,USD,4
864,175,458,4,33.36,34,0.24,87.1104,USD,5
865,55,523,10,10.94,49,0.68,48.994,USD,1
866,875,181,1,9.05,40,0.4,5.03,USD,2
867,653,551,1,93.68,40,0.37,55.838,USD,5
868,325,481,8,43.33,19,1.48,268.9384,USD,2
869,828,773,3,59.88,22,1.33,136.1292,USD,1
870,312,205,4,83.39,38,1.49,200.8472,USD,6
871,292,358,9,11.59,18,1.22,74.5542,USD,2
872,599,639,2,30.36,46,0.36,32.0688,USD,1
873,618,755,5,89.62,41,1.43,257.229,USD,4
874,703,636,10,81.7,3,1.51,777.39,USD,5
875,168,648,1,57.84,18,0.54,46.8888,USD,2
876,924,235,7,81.09,1,0.05,561.6037,USD,1
877,494,46,7,59.74,16,1.72,339.2312,USD,3
878,13,997,3,92.69,38,1.24,168.6834,USD,2
879,758,922,5,75.53,16,1.82,308.126,USD,1
880,605,930,9,73.44,47,0.69,344.0988,USD,4
881,158,124,1,18.65,31,1.22,11.6485,USD,6
882,377,332,2,66.59,25,0.37,99.145,USD,6
883,679,836,6,48.77,35,1.45,181.503,USD,5
884,400,88,2,73.29,27,0.23,106.5434,USD,2
885,380,307,4,23.69,5,0.81,86.782,USD,3
886,75,119,5,42.68,11,1.15,184.176,USD,4
887,839,230,1,81.93,23,0.09,62.9961,USD,1
888,80,839,9,40.66,14,1.4,302.1084,USD,5
889,944,495,7,49.58,47,1.91,170.5718,USD,2
890,574,676,5,70.13,16,0.79,290.596,USD,4
891,411,722,7,76.98,33,0.96,354.3162,USD,1
892,912,858,6,35.47,40,0.17,126.672,USD,3
893,806,891,10,98.4,7,1.2,903.12,USD,5
894,683,658,7,97.87,13,0.36,593.5083,USD,2
895,695,113,1,62.79,50,0.79,30.605,USD,4
896,701,33,3,59.5,29,0.8,124.335,USD,6
897,670,293,10,12.67,3,0.94,113.499,USD,3
898,959,709,7,96.41,28,1.81,473.2364,USD,2
899,999,154,4,21.37,21,0.08,67.2092,USD,6
900,276,288,2,82.76,31,0.83,112.5488,USD,5
901,928,843,10,28.57,21,0.88,216.903,USD,3
902,364,408,5,56.91,31,1.68,187.9395,USD,6
903,900,237,4,37.13,13,1.82,121.9324,USD,4
904,682,206,8,69.98,29,1.23,387.6464,USD,4
905,399,196,7,41.33,31,0.51,196.0539,USD,1
906,34,991,3,69.49,26,0,154.2678,USD,2
907,344,666,8,35.62,10,0.06,255.984,USD,2
908,90,824,9,66.21,50,0.61,292.455,USD,2
909,150,661,4,13.78,20,0.48,42.176,USD,2
910,123,187,4,15.54,19,1.31,45.1096,USD,5
911,313,235,5,25.62,18,0.89,100.592,USD,2
912,711,463,2,26.47,49,0.38,26.2394,USD,5
913,215,819,7,27.33,35,1.21,115.8815,USD,1
914,267,759,5,24.23,4,0.32,114.704,USD,3
915,894,139,6,25.12,25,1.21,105.78,USD,6
916,571,715,8,94.5,25,1.18,557.56,USD,4
917,505,44,9,11.66,8,0.76,89.7048,USD,2
918,847,245,10,6.25,38,1.27,26.05,USD,4
919,775,700,10,97.68,6,1.49,903.292,USD,3
920,642,148,7,92.43,10,1.88,569.149,USD,6
921,863,980,10,43.53,49,0.2,220.003,USD,3
922,58,794,1,22.49,8,0.29,20.4008,USD,5
923,297,851,3,83.63,34,0.07,165.3774,USD,3
924,189,747,4,7.9,26,0.84,20.024,USD,3
925,161,638,7,24.31,33,1.69,102.1839,USD,5
926,993,890,6,99.42,29,0.72,419.2092,USD,1
927,572,710,2,62.49,26,1.91,88.6652,USD,4
928,880,134,8,64.43,3,0.51,495.8968,USD,2
929,40,607,3,18.13,38,0.61,31.8918,USD,1
930,638,735,8,14.68,14,1.14,91.8784,USD,5
931,897,470,9,34.52,16,0.01,260.8812,USD,4
932,581,758,9,56.9,18,0.37,416.592,USD,4
933,22,936,5,40.4,18,1.83,156.49,USD,5
934,247,188,7,40.3,30,1.68,185.71,USD,6
935,465,16,1,11.75,38,1.25,6.035,USD,1
936,324,971,5,59.7,17,1,242.755,USD,1
937,825,878,4,74.83,45,1.5,158.626,USD,1
938,175,99,1,57.22,38,1.16,34.3164,USD,6
939,451,610,4,54.5,13,1.23,184.74,USD,2
940,212,396,2,50.87,6,0.68,94.2756,USD,2
941,7,673,7,21.25,42,0.57,82.285,USD,5
942,687,567,6,56.64,3,1.58,320.1648,USD,4
943,740,431,9,44.07,38,1.31,234.1206,USD,1
944,894,487,2,73.92,15,0.22,125.224,USD,2
945,702,212,2,25.96,21,1.58,37.8568,USD,3
946,223,354,9,50.59,46,1.55,231.9174,USD,5
947,721,676,3,63.44,25,1.69,137.67,USD,2
948,727,591,3,58.14,42,0.69,99.0936,USD,1
949,722,425,6,65.02,23,0.4,297.9924,USD,3
950,386,1000,8,60.74,49,1.14,238.6992,USD,4
951,202,135,2,76.46,15,1.57,126.842,USD,2
952,261,486,2,70.31,48,1.08,70.9624,USD,1
953,427,142,5,35.07,19,0.99,137.0835,USD,2
954,318,221,1,38.17,45,1.26,19.7335,USD,6
955,699,702,1,54.69,27,0.43,39.4937,USD,3
956,166,413,7,60.13,26,0.7,306.5734,USD,6
957,928,965,8,43.09,11,0.9,299.6008,USD,2
958,440,813,2,91.25,22,0.33,141.69,USD,5
959,540,551,2,27.23,14,1.53,43.7756,USD,6
960,753,319,9,64.46,15,1.28,481.599,USD,5
961,930,847,10,70.52,45,0.97,378.16,USD,5
962,255,578,6,11.59,41,1.46,32.2686,USD,6
963,331,80,1,69.67,13,0.01,60.6029,USD,6
964,82,283,2,10.54,11,0.45,17.8612,USD,5
965,5,284,4,41.7,27,0.89,118.204,USD,2
966,509,846,2,22.19,16,1.74,33.7992,USD,5
967,461,242,6,46.32,29,0.7,193.1232,USD,4
968,22,856,7,32.39,48,0.45,114.7496,USD,1
969,157,50,3,40.65,13,0.7,103.9965,USD,6
970,116,11,4,33.96,34,1.85,82.2544,USD,1
971,112,550,1,92.12,35,0.58,59.298,USD,2
972,833,256,10,75.83,17,0.74,621.989,USD,5
973,731,741,5,59.95,12,1.89,254.33,USD,6
974,470,490,7,82.27,7,0.53,531.8677,USD,2
975,411,724,6,37.27,50,1.86,100.65,USD,3
976,265,115,4,97.72,49,0.55,197.1488,USD,1
977,209,975,2,90.33,43,1.32,100.3362,USD,4
978,174,13,5,18.51,5,0.45,85.6725,USD,1
979,237,703,3,52.49,5,1.75,144.3465,USD,3
980,629,463,3,91.36,14,0.27,234.8988,USD,4
981,942,859,6,87.96,31,0.81,359.2944,USD,5
982,882,428,6,68.62,30,1.91,276.744,USD,6
983,870,357,3,5.65,20,1.32,9.6,USD,2
984,522,737,10,23.59,46,0.37,123.686,USD,1
985,691,75,5,11.34,36,1.58,28.388,USD,6
986,797,336,1,89.05,11,0.01,79.2445,USD,3
987,38,507,9,5.96,49,1.88,10.4364,USD,6
988,639,710,1,63.71,21,1.64,48.6909,USD,6
989,31,340,10,44.49,43,0.92,244.393,USD,3
990,226,345,5,34.47,9,0.26,155.5385,USD,6
991,524,378,3,54.86,30,1.69,110.136,USD,4
992,633,282,3,72.23,24,1.01,161.6544,USD,6
993,552,410,2,13.66,49,1.44,11.0532,USD,1
994,249,154,2,72.74,37,1.35,88.9524,USD,4
995,362,709,3,54.38,34,1.47,103.2624,USD,2
996,605,587,5,46.44,12,0.96,199.536,USD,1
997,893,91,8,62.32,50,1.91,234,USD,3
998,919,326,8,78.03,47,1.85,316.0472,USD,5
999,720,347,3,31.08,42,0.31,53.1492,USD,1
1000,690,890,3,10.02,16,0.32,24.2904,USD,2